{
    "rmse": 0.770230535196101,
    "mae": 0.6340231167313469,
    "r2": 0.04825388660672947
}