{
    "rmse": 0.7718712572180048,
    "mae": 0.6384130133344242,
    "r2": 0.04419480579790935
}